,Code_From_Tweet,Code_Converted
0,ð¦,🐦
1,â¡â¡,♡♡
2,ð¦,👦
3,ð£ð¼ð£ð¼ð£ð¼,🚣🏼🚣🏼🚣🏼
4,â¡ï¸â¡ï¸â¡ï¸,⚡️⚡️⚡️
5,ð¸ð°,💸💰
6,æ­³,歳
7,ó¾ó¾ó¾,󾁘󾁘󾁘
8,Ë,˚
9,â¥,♥
10,è±,花
11,Ã¶,ö
12,ð°ð°ð°,🍰🍰🍰
13,ðððððð,🎉🎉🎉🎂🎂🎂
14,ì°ìµì,연습생
15,ì¹ì¤íê·¸ë¨,친스타그램
16,ð,🔎
17,ð¡,💡
18,Â´,´
19,ç¹äº,特亜
20,ó¾­,󾭛
21,ð ð«,🎠💫
22,â,⌚
23,âð»ï¸âð»,✌🏻️✌🏻
24,ð¿ð,🌿🍀
25,éå¿,開心
26,â¨â¦,✨…
27,Ã¥,å
28,ä¿å­ã¯ãµãã¼,保存はふぁぼ
29,â¦â¦,……
30,ð,🍝
31,â¨,♨
32,â¨ðµðºð¸,✨💵🇺🇸
33,âº,☺
34,à¸à¹à¸§à¸à¸à¸µà¹,ช่วงนี้
35,ðð,🎉🎊
36,ð§,🍧
37,ðð,👅👅
38,Â¯,¯
39,âï¸,✖️
40,ðð,👖👕
41,ð¾ð¾,🐾🐾
42,âð¾ï¸âð¾,✌🏾️✌🏾
43,ð,🍍
44,ð°ð·,🇰🇷
45,ðð,🙅🙅
46,â¢â¢â¢,•••
47,ðº,🌺
48,ã°ãª,グリ
49,ð,🎊
50,ã,』
51,ð,🐘
52,ó¾¬,󾬘
53,âï¸,☑️
54,Ø§ÙØ¬ÙØ¹Ùâ¦,الجمعه…
55,ð¸ð¶,🎸🎶
56,ð¤ðµð¶ð¸,🎤🎵🎶🎸
57,ãããäºãéãå ´æã«åãã£ããã©,もうお互い違う場所に向かったけど
58,ð´ð ð«ð­,🍴🐠👫👭
59,ð­,💭
60,ð¬,🐬
61,ââ,“‘
62,ðºð¸ð«ð·,🇺🇸🇫🇷
63,ð¶ð¶,🎶🎶
64,ó¾§ó¾¬,󾌧󾌬
65,ð¿ð§ð¤,💿🎧🎤
66,Ã,×
67,ð¤ð¤ð¤,🎤🎤🎤
68,ð¶,🕶
69,ð,🏍
70,ó¾,󾔑
71,à¸,฀
72,ð£,👣
73,ã,】
74,ðªð¥ðð,🏪🏥🚑💉
75,ð§,💧
76,ï¼ï¼,！！
77,ó¾­ð»âï¸,󾭞🏻☕️
78,å¶å,偶像
79,ó¾£ð»,󾆣🏻
80,ð,🍎
81,ðð»ð§,🙋🏻🍧
82,æ´å,整列
83,â,„
84,ó¾­©,󾭩
85,ð¥ð,🎥🎉
86,ððð,👌🎊🎉
87,ðððððð°ð°ð°ð°ð°ð¥ð¥ð¥ð¥ð¥ð¥ð¥ð¥ððððððððððððâ¦,🎂🎂🎂🎂🎂🍰🍰🍰🍰🍰💥💥💥💥💥💥💥💥👅👅👅👅👅👅👄👄👄👄👄👀…
88,ð¬ð·ð£ð¦âµï¸ð´ð´ð´,🇬🇷🎣💦⛵️📴📴📴
89,ó¾,󾆐
90,ã¹ã¼ãã¼,スーパー
91,ððð,🎉🎉🎉
92,ðð¼ðð¼ðð¼ðð¼ðð¼ðð¼,💁🏼💁🏼💁🏼💁🏼💁🏼💁🏼
93,ð,📍
94,Ð¼Ð°Ð¹ÑÐºÐ¸Ð¹Ð¶ÑÐº,майскийжук
95,ìì´ë,아이돌
96,ðð¥ð¥ðð,💁💥💥🎉🎉
97,ã°ã°ã°ã°ã°ã°ã°ã°ã°ã°ã°,〰〰〰〰〰〰〰〰〰〰〰
98,ãªã¤ãã¡ãã,なつきちゃん
99,ó¾¦,󾦇
100,æè¬,感謝
101,ï¾âã,ﾉ”【
102,ððð,🍞🍞🍞
103,ð¯ð,👯🌙
104,Â¢,¢
105,ð¼,🐼
106,ó¾°,󾌰
107,åè¯­ç¾¤æ,华语群星
108,ððð,📖📖📖
109,Â©,©
110,ð«ð«ð«,🔫🔫🔫
111,ââ,”–
112,âï¸,✏️
113,ãããã,らんぐる
114,ðð¨ð©ð¦ð§ð¶ð,🎅👨👩👦👧👶🎅
115,ç«¯åç¯å¿«æ¨ð²,端午節快樂🐲
116,ðµ,🎵
117,ð­ð°,🇭🇰
118,ó¾µó¾®,󾌵󾮗
119,â¡,⚡
120,ð,🚂
121,ð¸ð¸ð¸,🌸🌸🌸
122,âó¾­ªó¾­,✔󾭪󾭝
123,âºâºâº,☺☺☺
124,ðð,🏋🏋
125,ðºð¸,🇺🇸
126,ð¦,💦
127,ï¿½,�
128,â¬,€
129,ðððð«ðªð«ðª,🎂🎂🎂🍫🍪🍫🍪
130,ã°,〰
131,ð,🎒
132,ðð,🐙🌇
133,ðð¼,🙅🏼
134,æµ·è¾¹,海边
135,ï¸â£,️⃣
136,à¤à¤¤à¤¨à¤¾,इतना
137,ðððð¦ð°ðð,👉🍔🍔🍦🍰🍝👈
138,â¡ï¸,⚡️
139,ó¾ó¾ó¾,󾁅󾁅󾁅
140,âºï¸ðð¬ð§,☺️🎉🇬🇧
141,âó¾¹,✌󾌹
142,ðð,👌👌
143,ÑÐµÑÑÑÑ,сестры
144,ð,💍
145,ð±,🐱
146,ððððð,🎊🎉🎈🎊🎉
147,ðð,🎂🎉
148,ðððð¡ðð¥,👓💊💉🌡📝🏥
149,à²à³à²µà²¨,ಜೀವನ
150,ÃÂ«,Â«
151,ððð,🐎🐎🐎
152,Â´Îµï½,´ε｀
153,æ°é²å,民進党
154,â,⅘
155,ä½ç»´å»º,何维建
156,ð¼,🎼
157,ð¨ð»ð¨ð½ð¨ð¼ð¨ð¿,👨🏻👨🏽👨🏼👨🏿
158,å¯æã,可愛い
159,ì¼ì,일상
160,â,⚓
161,ð,👋
162,ð½ð¥,📽🎥
163,ð£,🎣
164,â¢â¢,••
165,ó¾,󾆟
166,ð,🙇
167,ð,🍕
168,å­æ¬æ¨ãã«ãº,六本木ヒルズ
169,ðð¹ð,👁🌹👁
170,ð´ðµ,🔴🔵
171,ð,🌅
172,æ¦éæå¢,戦闘態勢
173,ë°ì¼ë¦¬,데일리
174,Ùâ¦,ي…
175,â¢â¢â¢â¢â¢â¢â¢â¢â¢â¢â¢â¢â¢â¢â¢â¢â¢â¢â¢â¢â¢â¢â¢â¢â¢â¢â¢â¢â¢â¢â¢â¢â¢,•••••••••••••••••••••••••••••••••
176,â,☆
177,æ´å®å,朴宝剑
178,ð,🍑
179,âºï¸ðð¾,☺️🍃🌾
180,Ä±,ı
181,å¢ç°èªå¿,増田誓志
182,â¬â¦,♬…
183,â¼ï¸,‼︎
184,âð¼,✊🏼
185,â¨ð¹,✨🌹
186,ð°,🍰
187,ð¾,🌾
188,â,’
189,í¸ì,호시
190,Â£Â£Â£,£££
191,Ã¡,á
192,æå,感動
193,Å¡,š
194,ìì¼ãã,생일ㅊㅎ
195,ð¯ð¯,👯👯
196,ó¾ð»,󾍘🏻
197,âï¸,✔️
198,ðð,🐝🍃
199,ó¾,󾁎
200,â,“
201,â,⛄
202,à¹à¸à¸µà¸¢à¸à¹à¸«à¸¡à¹,เชียงใหม่
203,ð£ð£ð£,🚣🚣🚣
204,ããããçææ°ç´ãã,そろそろ生意気直そう
205,â©,∩
206,ððððððð,🎉🎉🎉💃💃💃💃
207,ð,🌏
208,ðµ,🐵
209,ð·ð·,🌷🌷
210,âºï¸ð,☺️👟
211,ððð,🍕🍕🍕
212,ð­ð«ð¬,👭👫👬
213,ð,👅
214,ð¿ð¿ð¿,🐿🐿🐿
215,Ð²Ð½ÑÐº,внук
216,ó¾°ó¾³ó¾ó¾âó¾ó¾®ó¾¬ó¾­ó¾­,󾰙󾌳󾍇󾍒✌󾆐󾮖󾬕󾭞󾭞
217,ðð½,🙅🏽
218,ç¾å®¹,美容
219,ð¸ð¬,🇸🇬
220,à¸¡à¸²à¸à¸´à¸à¸«à¸à¸¡à¸à¸±à¸,มากินหนมกัน
221,ð»ð«,👻🔫
222,ð´,🍴
223,ìì¹´,셀카
224,ó¾¨ó¾¹ó¾¹ó¾¹ó¾¹,󾌨󾌹󾌹󾌹󾌹
225,âªï¸,↪️
226,ð³ð±,🇳🇱
227,âª,➪
228,ð,🚗
229,ð²,📲
230,ð,🍅
231,ððððð,🏌🏌🏌🏌🏌
232,ðð»,👈🏻
233,ó¾´ó¾²ó¾°,󾌴󾌲󾌰
234,ã¢ã¡ãªã«ã³ã¦ã©ã¼ã¿ã¼ãã­ã³ã,アメリカンウォーターフロント
235,ââââââââââââââââââââââ,——————————————————————
236,ð¶ð»,👶🏻
237,âº,↺
238,â¦ï¸,♦️
239,ãã¢,ペア
240,ìë¦°,아린
241,Ã±,ñ
242,ð´âð´,🌴☉🌴
243,ó¾¬ó¾¬,󾬏󾬏
244,ðð,💎💎
245,ââââ,➖➖➖➖
246,Ã,À
247,ï¾,ﾉ
248,ðð½,🙋🏽
249,ã¾ã,まい
250,ð,🕊
251,ð­,👭
252,Â´âï½,´∀｀
253,ð,🍒
254,åè°,友谊
255,ðð¼,💅🏼
256,ããã»ã«ãã©ãã,ハッセルブラッド
257,ãµããµã,ふわふわ
258,ð´ð±ðµð¿,🌴🌱🌵🌿
259,ç¶ã®æ¥,父の日
260,ó¾,󾍉
261,Â,
262,â,–
263,ð¢,🐢
264,ðð¿,🍀🌿
265,ã¹ã¿ã¼ããã¯ã¹ã«ã¼ã,スターバックスカード
266,ó¾´ó¾´,󾌴󾌴
267,ððð¢ðððð,🚘🚆🚢🚉🚀🚖🚁
268,ãã£ãºãã¼,ディズニー
269,â ,■
270,ðâ,🍖☆
271,ð,👗
272,ââ,☝☝
273,Â , 
274,ð§,🐧
275,ð«â¦,💫…
276,ðð­,👀💭
277,ðââ¨ð,🌀☄✨🌙
278,ð½ð,📽🎞
279,ó¾®ð¾ó¾­»,󾮟🏾󾭻
280,ó¾ £,󾠣
281,â,⁑
282,ó¾¬,󾬓
283,âÂ°â¢ââ,☆°•○●
284,ð¬ð§,🇬🇧
285,ëì¼,더쇼
286,ð,🐒
287,ç¸ç¸å»åªå¿,爸爸去哪儿
288,ó¾­ó¾­ªâ,󾭝󾭪✔
289,à¸«à¸­à¸¡à¸à¸±à¹à¸à¸à¹à¸²à¸à¹à¸¥à¸¢à¸à¹à¸²,หอมทั้งบ้านเลยน๊า
290,ðð»â¨,👈🏻✨
291,ð,👉
292,Ø§ÙÙÙÙØ¯Ø±Ø§Øª,النويدرات
293,ð,🖜
294,ð,🏆
295,ð,🖕
296,ððð,🎂🎂🎂
297,ð,🌆
298,ì¹êµ¬,친구
299,ð,🔛
300,â¨ð,✨💇
301,ððð,👅🎈💎
302,à¥¤,।
303,èªå¿,誓志
304,ðð©ð°,📚🎩🏰
305,â,☘
306,ó¾¸,󾌸
307,ð¨ð»ð¹,👨🏻🌹
308,â¢,™
309,ì£¼í,주현
310,âï¸,☔️
311,ó¾¬,󾬖
312,ð¸,🐸
313,ð¸ð¸ð¸,📸📸📸
314,ð°,💰
315,ó¾ó¾,󾓝󾓝
316,ðð¦,🐟🦀
317,ó¾¬,󾬕
318,ðµðµ,🎵🎵
319,æ±äº¬,東京
320,ð¬ð­ð°,🍬🍭🍰
321,âï¸,❄️
322,Â°â¢âââ,°•○●☆
323,â¨ð¸ð½â¨,✨👸🏽✨
324,ðâ¡ï¸,👅⚡️
325,ðð¾ðð¾ðð¾ðð¾ðð¾,💃🏾💃🏾💃🏾💃🏾💃🏾
326,â£ï¸,♣️
327,â¼ï¸,‼️
328,âââ¿â¾,❁❀✿✾
329,ðâð¨,👁‍🗨
330,ðð»,🏃🏻
331,à¸£à¸­à¸¢à¸¢à¸´à¹à¸¡â¦,รอยยิ้ม…
332,âï¸,♋️
333,â¢â¢â¢â¢â¢â¢â¢â¢â¢â¢â¢â¢â¢â¢â¢â¢â¢â¢â¢â¢â¢â¢â¢â¢â¢â¢â¢â¢â¢â¢â¢â¢â¢â¢â¢â¢â¢â¢â¢â¢â¢,•••••••••••••••••••••••••••••••••••••••••
334,ðð»,💃🏻
335,ðð¹,💐🌹
336,ð¤,🌤
337,â®ï¸,☮️
338,â,❄
339,â¢ó¾­ð½,•󾭞🏽
340,â¥â¥â¥â¥,♥♥♥♥
341,à¤«à¤¿à¤°,फिर
342,ðð»ð¨,💁🏻🎨
343,ð,🐉
344,ã«ãã§,カフェ
345,â,◔
346,Ð¡ÑÐ°ÑÑÐ»Ð¸Ð²ÑÐ¹,Счастливый
347,ì¼,일
348,ããã,《《《
349,ââ,❓❔
350,ó¾·ó¾ó¾¬,󾆷󾇘󾬐
351,ÐºÐ¾Ñâ¦,кот…
352,ð¼ð¤,🐼💤
353,ãã,さん
354,Ã,É
355,âð½âð½ï¸,✊🏽✌🏽️
356,ð«,🐫
357,â,→
358,â¢ðð­ðâ¢,•🎀💭🎀•
359,ó¾ó¾ó¾¿,󾁎󾁂󾀿
360,è¥ããª,若いな
361,ðð½ð,🍔🍽🍓
362,ð,🏕
363,ã,　
364,ðð¾,👌🏾
365,ð¯ðµ,🇯🇵
366,âºâº,☺☺
367,æã£ã¦ã,怒ってる
368,â¬,⬇
369,ðð,💐💐
370,ð¹,📹
371,ð®ð´ð¯ð´ð®ð´ð¯ð´ð®ð´ð¯,🌮🍴🌯🍴🌮🍴🌯🍴🌮🍴🌯
372,ã,【
373,ðð§ð»,🎉👧🏻
374,ââÏâ,❀◕ω◕
375,à¸¡à¸´à¸à¸£à¸ à¸²à¸,มิตรภาพ
376,ð,🙆
377,â,☕
378,ð°ð­ð¬,🍰🍭🍬
379,ð»,🐻
380,à¤¬à¤¦à¤²,बदल
381,à¸£à¸à¹à¸à¸,รถแดง
382,ð§,🌧
383,ðððâï¸,👜🗒🖊☕️
384,ð¶ð¶ð¶,👶👶👶
385,ð¶ð¾,🐶🐾
386,â,☁
387,ð,📀
388,â,☝
389,â¨ð¥,✨💥
390,ð®,🐮
391,ó¾¬ó¾¬,󾬓󾬏
392,ó¾¬,󾬏
393,ððð,🖕🖕🖕
394,âºï¸ð,☺️🎉
395,îî,
396,ð,👕
397,ããããã«ä¼ãããã,しゅんきに会いたい。
398,âï¸âï¸âï¸,❄️❄️❄️
399,ÙØ§Ø§Ø¹ÙÙ,مااعلم
400,ðð½,💃🏽
401,ð,🚝
402,Ã¸,ø
403,ðð,🎈🎉
404,ð©ð¼ð¼âï¸ð¡â¨ð¥,👩🏼💼☕️🏡⌨🖥
405,â,—
406,ððððð,🎉🎉💃💃🎉
407,ìì¤íí¬ë¨,셀스타크램
408,â¬ï¸,⬇️
409,ðð,🚅🚅
410,âð»ï¸â¦,✌🏻️…
411,ð¨,🚨
412,â ï¸ð§ð,⚠️🚧🚜
413,â,↛
414,ðð,💉🕊
415,ð¿ð¦,🇿🇦
416,â¨âð»ï¸,✨✌🏻️
417,ó¾µ,󾌵
418,å®®å´,宮崎
419,Ã£,ã
420,â·,▷
421,åä¸å¾ä¸,前三後一
422,ðð¾,👋🏾
423,ðâ¦,🐟…
424,ð±ð»,🇱🇻
425,ð,🍀
426,ã¢ã¦ã¿ã¤,アユタヤ
427,ó¾¤,󾔤
428,ó¾¬ó¾³ó¾°,󾬑󾌳󾰀
429,ð¨âð©âð§,👨‍👩‍👧
430,ðð¸,💁🌸
431,ð¬,🍬
432,ð,📝
433,ð¬ð¥ð¹ðð,🎬🎥📹📔📒
434,â,”
435,ãã¼ã,ダーツ
436,ð¼ðððð´,🌼🍂🍃🍁🌴
437,ð·à¸,📷฀
438,Ã¨,è
439,ð¼ð,🍼🎀
440,ðð¼ðð¼ðð¼ðð¼ðð¼,💃🏼💃🏼💃🏼💃🏼💃🏼
441,ð,💐
442,ð±,📱
443,ð,🌎
444,ðªð­,🎪👭
445,ó¾«,󾔫
446,é¡èªè¨¼,顔認証
447,ó¾ð»ó¾ð»ó¾ð»,󾟞🏻󾟞🏻󾟞🏻
448,ð¸âï¸,🐸☕️
449,ð¤ð¤,🌤🌤
450,ð,🗞
451,âï¸,✌️
452,ì¹êµ¬â¦,친구…
453,å¤§åæ«»å­æ°æ²,大原櫻子新曲
454,ðµð¸,🇵🇸
455,ð®,🍮
456,â,❕
457,ó¾·,󾆷
458,ð¶â¡,🐶♡
459,ðð,🙋🙋
460,âð¼,✌🏼
461,ððð,🎈🎈🎈
462,ððð,🏊🏊🏊
463,ðºð¸ðð»,🇺🇸👌🏻
464,ðð,💐🎉
465,ð,🐚
466,Ø±ÙØ¶Ø§Ù,رمضان
467,ð¨ð¦,🇨🇦
468,ó¾¥,󾔥
469,å¼ãå¯ã,引き寄せ
470,ð¸ð½,👸🏽
471,ð¤,🤘
472,ð ,🏠
473,ðð½,👌🏽
474,â,═
475,ð½ð³ðð¨ââ¦,🍽🍳🍞👨‍…
476,ãï¼ï¼ï¼,〜？？？
477,ð¦ðº,🇦🇺
478,âª,⛪
479,â³,⛳
480,ð¼,🌼
481,éå­ããªã¼ã,逗子マリーナ
482,ð,🌐
483,ðð¦ðð¹,💉🦁🐆🌹
484,ð,🚙
485,âï¸,❗️
486,âºï¸âºï¸âºï¸,☺️☺️☺️
487,ó¾°ó¾ó¾ó¾¤ó¾®ó¾ºó¾®ó¾ó¾ó¾,󾰀󾍒󾆟󾆤󾮟󾒺󾮞󾔛󾔃󾕆
488,ðð°,💐👰
489,ððð,🎊🎂🎉
490,ð®ð½,👮🏽
491,é¸,陸
492,ðâï¸,🆗✔️
493,â³â³âµâ³âµ,➳➳➵➳➵
494,â®ð,☮🎉
495,ì¶íí´,축하해
496,ðð¡,🐟🐡
497,éæ¿æå¹³,野替愁平
498,ï¾âã¾,ﾉ”ヾ
499,âï¸ð¸,✔️🔸
500,ð¤ð¤ð¤,🌤🌤🌤
501,âºï¸ð¬ð§ð,☺️🇬🇧🎉
502,ðð,🎊🎉
503,â²,✲
504,à¤°à¤¹à¤¾,रहा
505,ð¶ð¼,👶🏼
506,ððð,👕👖👞
507,ó¾âºâº,󾔗☺☺
508,âµ,⛵
509,Ã¯,ï
510,ãç¥ã,お祝い
511,ð«,💫
512,ððð,🎊🎉🎊
513,é·,酷
514,ðð°ð¡ð¢,💑🏰🎡🎢
515,ãã®æ²ã§ããã¡ã³ãã¼ã¨è¸ã£ã¦ãã­,この曲でよくメンバーと踊ってたね
516,ð¦ð¯ð¯,🦁🐯👯
517,Ã,Ö
518,ð·ð·ð·ð·ð·ð·ð·ð·ð·ð·ð·ð·,🌷🌷🌷🌷🌷🌷🌷🌷🌷🌷🌷🌷
519,ðððð½,🍔🍗🙅🏽
520,ðð,🙇🙇
521,å°æ±,台東
522,ó¾¬,󾬗
523,ã¹ã¿ã¼ããã¯ã¹ã³ã¼ãã¼,スターバックスコーヒー
524,ç¬,笑
525,âð¼ï¸ðºð¸ð,✌🏼️🇺🇸🏙
526,ð¸,💸
527,ð®ð®ð®,🚮🚮🚮
528,Ð¿ÑÐ°Ð·Ð´Ð½Ð¸Ðº,праздник
529,ã,《
530,âðµð¥ð°,☕🍵🍥🍰
531,ðð¼ðð,💁🏼🎉📖
532,ìì¼ì¶íí´,생일축하해
533,â®,⏮
534,ãã³ã±ã¼ã­,パンケーキ
535,ð©ð©ð©,🍩🍩🍩
536,à®®à®à®¿à®´à¯à®à¯à®à®¿,மகிழ்ச்சி
537,ð­ð,👭🎉
538,ð¡ðâ¦,💡👉…
539,ð¨,🎨
540,ð¥,🐥
541,Â Â ,  
542,â°,⛰
543,âºð,☺🏁
544,ðð¹,🆓🔹
545,ã©ã³ã,ランチ
546,ððððð,🎊🎊🎊🎊🎊
547,ð¡,📡
548,å°ç£,台灣
549,ð,🏊
550,à¹à¸­à¸à¸­à¸¥,ไอดอล
551,ðð»,💁🏻
552,ð­ð­,👭👭
553,ðºâ¨,🌺✨
554,ðð»ðð»,💇🏻🙆🏻
555,ðð,🏁🏎
556,ð®,🎮
557,âï¸,✂️
558,ã¹ã¿ã¼ããã¯ã¹ã©ã,スターバックスラブ
559,âð»ï¸,☝🏻️
560,åç¾,再現
561,âð,❓🔆
562,ð½,🍽
563,â¥ï¸â¥ï¸â¥ï¸â¥ï¸,♥︎♥︎♥︎♥︎
564,ð«,👫
565,ã¤ãã°,つくば
566,ðð¤ð¼,🎉🤘🏼
567,Â·,·
568,å¥³å­æ,女子旅
569,ð¥ð«,🎥👫
570,ð¤ð»ð¸ð»ð¤ð¹,🤘🏻🎸👻🎤🎹
571,ã»ã»ã»,・・・
572,â,➕
573,à¸à¸­à¹à¸«à¹à¹à¸à¹à¸à¹à¸à¸à¸à¸µà¹à¸à¸¥à¸­à¸à¹à¸à¸­à¸°,ขอให้เป็นแบบนี้ตลอดเถอะ
574,å¤©çå¯º,天王寺
575,ðªð¦,🍪🍦
576,ÄÅ,ęś
577,âºï¸,☺️
578,âï¸ï¸ð¸,✔️️🔸
579,ð,📖
580,Â°ð¹ð¿ð¹ð¿ð¹ð¿ð¹ð¿ð¹ð¿ð¹ð¿ð¹ð¿ð¹Â°,°🌹🌿🌹🌿🌹🌿🌹🌿🌹🌿🌹🌿🌹🌿🌹°
581,ó¾µó¾®,󾌵󾮟
582,ã¹ãã¬ãã³ã±ã¼ã­,スフレパンケーキ
583,çµå©å¼,結婚式
584,ã«ã©ãã«,カラフル
585,æ¾èª²å¾,放課後
586,ð»,👻
587,â¶,▶
588,ðð¸ð¼,🔜👸🏼
589,ð»ð,🐻💐
590,ã,》
591,ÑÐ»ÑÐ±ÐºÐ°,улыбка
592,ó¾§,󾌧
593,âÏââ,◕ω◕❀
594,ã ã ,ㅠㅠ
595,ð­ð­,💭💭
596,ð«ð·,🇫🇷
597,ððð²,🔝🔞💲
598,ð¨,👨
599,ð,🏝
600,ð°ð©ð¬ð­ð«â¨,🍰🍩🍬🍭🍫✨
601,ð¹ð¹ð¹,🌹🌹🌹
602,ó¾¥¦,󾥦
603,ããã,やすよ
604,ð¶ðµð§,🎶🎵🎧
605,ã,「
606,ð,💆
607,â¡ï¸,➡️
608,äºå®®åä¹,二宮和也
609,ð,🍁
610,ã»ã¼ã©ã¼ã ã¼ã³,セーラームーン
611,ã¿ããªãã£ã¦ããã¤,みんなやってるやつ
612,ó¾¬,󾌬
613,ð¡ð,🏡🔑
614,ð¢,🗢
615,ã¾ãããåç,ましかく写真
616,âºó¾¸ðó¾,☺󾀸🏝󾕓
617,çæ¥å¿«ä¹,生日快乐
618,ó¾,󾓑
619,ð¹,🌹
620,â¨â¡ï¸ð«,✨⚡️💫
621,ð§,🎧
622,ââ ð¡,⚔☠🗡
623,ðð,🍔🍟
624,ãããã,かわいい
625,æ,月
626,ð°ð·,🐰🌷
627,ó¾°,󾰀
628,ð¼ð¼ð¼,🐼🐼🐼
629,ó¾®ó¾®,󾮚󾮚
630,ð,👌
631,Ä,ę
632,ððð,📋🔛🆒
633,â¥â¥â¥â¥â¥â¥â¥â¥,♥♥♥♥♥♥♥♥
634,å¤§éª,大阪
635,ó¾¬ó¾ ¦ó¾­»ó¾ £ó¾ó¾ ó¾ó¾ó¾ó¾¿ðó¾ ¤ó¾¦ó¾,󾬔󾠦󾭻󾠣󾓑󾓠󾁁󾁚󾁛󾒿🚘󾠤󾦂󾁅
636,Ã ,à
637,â¨â¨,✨✨
638,ã«ããã,にやけた
639,Å,ł
640,ãã³ãæ¨ª,ホンテ横
641,âââ,❄⛄❄
642,ðµð¶ð§,🎵🎶🎧
643,ââ,‘’
644,ó¾ £ó¾ £ó¾ £,󾠣󾠣󾠣
645,å°ææ¾æåçå®¶,小林澄枝写真家
646,ð­ð­ð­,👭👭👭
647,ó¾³ó¾,󾌳󾍘
648,à¹à¸ªà¸µà¸¢à¸à¸«à¸±à¸§à¹à¸£à¸²à¸°,เสียงหัวเราะ
649,Ã®Ã±,îñ
650,ð¬ð­,🍬🍭
651,ð,🌛
652,ð®ðð«,🔮🌌💫
653,ð»ðª,📻🕪
654,ð¼,👼
655,ððð,🎉🎂🎈
656,Ã³,ó
657,ç²½å­èå¿«ä¹,粽子节快乐
658,æ²ç¸,沖縄
659,ó¾¶ó¾¶,󾓶󾓶
660,ð,🔒
661,å±±æ¬å¤ªé,山本太郎
662,ÑÐ¾ÑÐ¾Ð¸Ð»Ð¾Ð½Ð°ÑÑÐºÐ¾Ð±ÑÐ°ÑÑÐºÐ°Ñ,фотоилонарукобратская
663,Â°,°
664,ðððð,📚📚📚📚
665,ì¤ë§ì´ê±¸,오마이걸
666,â,☄
667,ðððð,🍒🍒🍒🍒
668,ð»ð»ð»ð»,👻👻👻👻
669,ð¶ðð»,🐶💁🏻
670,ð°ð¼,👰🏼
671,ëì,나의
672,ããã§ã¨ãâ¦,おめでとう…
673,ð±ÐÐ°,🐱На
674,ã,『
675,ð¦ð¦ð¦ð¦,🦄🦄🦄🦄
676,ð´ð¿ð£,🌴🌿👣
677,â,❇
678,âï¸,⚓️
679,âï¸ð³ððð´,☕️🍳🍓🍞🍴
680,à¤¦à¥à¤¶,देश
681,ì¬ë,사랑
682,â¸â,‸◔
683,í¸ìì¼,호시야
684,æç°è³çã,有田芳生　
685,ð,💑
686,ð,💅
687,ð,🔝
688,è,肌
689,ã»ãããããã°ãâ,ほんじゃららばい☆
690,ó¾ £ó¾ £,󾠣󾠣
691,ððððð,🎉🎉🎂🎉🎉
692,ãã«ã·ã¼,ヘルシー
693,ðððð,🎉🎉🎉🎉
694,ð,💎
695,â,✘
696,âð½,✍🏽
697,â¡ï¸â¦,➡️…
698,Ð´ÐµÐ½ÑÑÐ¾Ð¶Ð´ÐµÐ½Ð¸Ñ,деньрождения
699,ç¶è¦ªç¯,父親節
700,âï¸ââð»ð¥,❗️❌✋🏻🐥
701,ð¹ð,🔹🆓
702,ã¦ãã§ã³,ウヒョン
703,è,萌
704,ð±âï¸ð,🐱☕️💐
705,ð¦ð¦ð¦,💦💦💦
706,ó¾©,󾌩
707,ó¾ó¾,󾍀󾍀
708,â¡,➡
709,ð,🗓
710,â³,⏳
711,æ´å¤©,晴天
712,ì,월
713,ð±ð·â¦,🇱🇷…
714,ó¾¬ó¾¬,󾬑󾬑
715,ó¾¬ó¾¬ó¾¬,󾬓󾬓󾬓
716,Â¥,¥
717,ï¼,，
718,â,―
719,ì¤í¸ë¦¬ë°,스트리밍
720,ðð,🌛🌜
721,ð¹ð·ð«ð·ð§ðª,🇹🇷🇫🇷🇧🇪
722,ð°,🕰
723,ç¤¾æ°åã,社民党　
724,ðððððð,🍐🍐🍐🍐🍐🍐
725,æè¡,旅行
726,ó¾´,󾌴
727,ð¸ð¸ð¸ð¸,🐸🐸🐸🐸
728,ðð¯,👀👯
729,Å,ś
730,å¶æ,制服
731,ð´ð´,🌴🌴
732,âºð,☺🙆
733,ð¸ð¦ð­ð¨ð¸,🌸🍦👭🍨🌸
734,ÙÙÙ,يوم
735,ç«,猫
736,ð¦ð¿,🇦🇿
737,ððððð,🎉🎉🎉🎉🎉
738,á®,ᘮ
739,ð°ð¼ð,👰🏼💍
740,ððð,🙋🎉💁
741,ð¿,🎿
742,ð¶ð»ðð¼,👶🏻🎀🍼
743,ð,🔌
744,Â«,«
745,ó¾ó¾ó¾,󾆟󾆟󾆟
746,Ä±Ã§,ıç
747,ð¤ðª,🎤🎪
748,ðð,🚘🚘
749,ð½â¦,🚽…
750,â¦ï¸â¥ï¸â£ï¸â ï¸,♦️♥️♣️♠️
751,ð,🎉
752,ðð,🎉🎈
753,ð´ðð,🌴🍀👅
754,ðð¹,🍃🌹
755,ð³ð¿ð­,🇳🇿👭
756,ã»,・
757,â¥â¥ã¾,♥♥ヾ
758,ç¶äº²èå¿«ä¹,父亲节快乐
759,ð¤ð,🌤🍀
760,ð,🕇
761,âï¸ð,⚓️👀
762,ð,🎅
763,âºï¸âºï¸,☺️☺️
764,ã¾,ヾ
765,åãã©,同いど
766,ð©ðª,🇩🇪
767,ð¸ð¤,🌸🎤
768,ð,🌂
769,ðð»,👆🏻
770,ó¾ó¾¬,󾔗󾬙
771,ðð,🏎🏎
772,ð¸,👸
773,ð£,🍣
774,ì¶¤,춤
775,ð¤ð»ð¸ð§,🤘🏻🎸🎧
776,ðð»ð,💃🏻🏃
777,ðªð¸,🇪🇸
778,ðð,🚖🚆
779,ããã,ももこ
780,ï¼,．
781,ð½ð»,📽👻
782,ð¼ð½,👼🏽
783,â,↝
784,ó¾,󾔖
785,ðªð«ð«,🐪🐫🐫
786,ó¾¬ó¾¬,󾬖󾬕
787,ðð¼,👌🏼
788,Â,
789,ã¿ã¤,タイ
790,ãã¼ã,バート
791,Ã²,ò
792,ï¼ï¼ï¼ï¼,！！！！
793,â,✊
794,ð§ð§ð©ð¨,👧👧👩👨
795,Ð»ÑÑÑÐ¸ÐµÐ¿Ð¾Ð´ÑÑÐ¶ÐºÐ¸,лучшиеподружки
796,ð½ð,🐽🐂
797,×§×§ã,קק　
798,ð®ó¾­,🇮󾓭
799,âð»,✌🏻
800,Â¨Â¨,¨¨
801,ðº,🐺
802,âââ,❗❗❗
803,ð¸ð¸ðâ¦,🌸🌸🌜…
804,ãã,〜〜
805,ð,🌙
806,â,⛈
807,ð¨ð±ð¨ð±ð¨ð±ð¨ð±ð¨ð±,🇨🇱🇨🇱🇨🇱🇨🇱🇨🇱
808,ð,🐟
809,ððð°ð¦ð¦ð§ð§,🎂🎂🍰🍦🍦🍧🍧
810,âð¾,✍🏾
811,ððð½ð°ð½,💍💁🏽👰🏽
812,ð§ð¹ð¶,🎧🎹🎶
813,ããããå¦¹,かわいい妹
814,ð,💒
815,ð,👆
816,ââ,❌❌
817,ðððððððð,💐💐💐💐💐🙇🙇🙇
818,ãã¼ã¹,ベース
819,ðð­,🚙👭
820,ðððððð,🎂🎂🎉🎉🎇🎆
821,æ¤ç©å³é,植物図鑑
822,ðð¾,💁🏾
823,â¡â¡â¡,♡♡♡
824,ó¾¬ó¾¬ó¾¬,󾬑󾬑󾬑
825,ó¾¬ó¾¦,󾓬󾓦
826,ï¾,ﾟ
827,ó¾¬ó¾¬,󾬗󾬗
828,ð¥,👥
829,ì¼ì§±,얼짱
830,ð¡ð«,🏡👫
831,ðºð·ð³ð¸ð,🌺🌷🌳🌸🍄
832,ì êµ­,정국
833,ï½ï½ï½ï½ï½,ｈａｐｐｙ
834,ðð¼,🙋🏼
835,ð®,🔮
836,â¥â¥,❥❥
837,åå£,劇団
838,ð½ð,🗽🌇
839,â,‘
840,ãã£ãºãã¼ã·ã¼,ディズニーシー
841,âð¥,✔🎥
842,ð¸ð¸,🌸🌸
843,â,☂
844,ððð¼ð©ð»ðð»,👄💅🏼👩🏻💁🏻
845,ð¤ð¾ð,🤘🏾🐐
846,ìì,잘자
847,ï¼ãï¼ï½ã,＞〇；｀　
848,ð,🐙
849,âºð,☺🍀
850,ðð·,🌎🌷
851,Ã§Ã£,çã
852,âºï¸ð,☺️🙆
853,à¥,ॐ
854,ðµð¶,🎵🎶
855,ó¾¦,󾓦
856,â°,⏰
857,á»,Ọ
858,ð¡ðð¼,🗡💇🏼
859,ãð·ð¼ð¹,〜🌷🌼🌹
860,ððððð,🎂🎂🎂🎂🎂
861,ç«¯åè,端午节
862,ð«áð¸,🐫ლ🌸
863,ðð¼ðð¼ðð¼,🙋🏼🙋🏼🙋🏼
864,æ ç»,映画
865,ï¼,＃
866,ðð½ðð¾ðð¼,💁🏽💁🏾💁🏼
867,â«,⚫
868,ó¾©ó¾¦,󾌩󾦀
869,ç½®ãå»ã,置き去り
870,ó¾®ó¾µó¾­»,󾮗󾌵󾭻
871,ã²ãªããª,ひなこな
872,ð¸ð¶,🔸🔶
873,â,√
874,â,⛅
875,â,⚔
876,ã¹ã¿ã¼ããã¯ã¹,スターバックス
877,à²¸à²¾à²°à³à²¥à²,ಸಾರ್ಥಕ
878,ç«¥è¨ç«¥è¯­,童言童语
879,â¡,♡
880,ð¶ð½ð¶ð½,👶🏽👶🏽
881,â¬ï¸,⬅️
882,âï¸ð¤,⛅️🌤
883,ó¾­,󾭞
884,â¥Â´Â¯,♥´¯
885,ð,👖
886,ç¸æ£,相棒
887,ã»ããã¢ãã,セットアップ
888,âð»ï¸ð,✌🏻️🌕
889,ð,💇
890,ã»ã¼ã©ã¼ã ã¼ã³å±,セーラームーン展
891,ð±,🅱
892,ææ²»ç¥å®®,明治神宮
893,ð,📚
894,ð«âï¸ðð,🍫☕️🍂🍃
895,ó¾³,󾌳
896,ã,。
897,ë³,별
898,ç¦å³¶ã¿ãã»,福島みずほ
899,ðð,🎉🎉
900,ð,🕛
901,ð¡,🏡
902,ð¹ð,🌹🍃
903,ððð,🎂🎉🍕
904,Ø§ÙØ±Ø§Ù,ايران
905,à¤¹à¥,है
906,ó¾ð¼,󾆞🏼
907,ã,」
908,ð§ðª,🇧🇪
909,ì¶íí´ì,축하해요
910,ð´ð´ð´,🚴🚴🚴
911,ó¾,󾔗
912,ð¶,🎶
913,ððð,🏋🏋🏋
914,ðð»,👌🏻
915,ð£,🐣
916,â¬ï¸â¬ï¸â¬ï¸ð,⬆️⬆️⬆️🆙
917,Ã¼ÅÃ¼Å,üşüş
918,â¼ï¸ðºð¸,‼️🇺🇸
919,ðª,👪
920,æ¥,日
921,Ã©,é
922,âº,►
923,âð©,☕🍩
924,â°,➰
925,ð©âð©âð§,👩‍👩‍👧
926,ç«¯åèå¿«ä¹â¦,端午节快乐…
927,ï¬,ﬁ
928,ä¼¼ã¦ãï¼,似てる？
929,â,℅
930,âºï¸â¨,☺️✨
931,ðððððð,👓📚📚📚📖📑
932,â©ï¸,↩️
933,ð¶,🌶
934,ðð¬ð§,🎉🇬🇧
935,ðð¼âï¸,💃🏼☑️
936,ðð¾ð¨,🏃🏾💨
937,ðµð´ðµð´,🚵🚴🚵🚴
938,â,☉
939,ð¶ð¶ð¶ð¶ð¶ð¶,👶👶👶👶👶👶
940,ð°ð¸,💰💸
941,â,★
942,ð¨,💨
943,ãµã©ã,サラダ
944,Â£,£
945,ð½ð³ð´ð·,📽🗳🚴🐷
946,ó¾¦,󾦆
947,ð©ð©ð©,🛩🛩🛩
948,âð¾ï¸,✌🏾️
949,ããªã¯ã©,プリクラ
950,ó¾¼,󾀼
951,ð«ð­ð­ð­ð«,👫👭👭👭👫
952,ð­,🎭
953,â,✔
954,ððð¸,💇💄📸
955,ð ,💠
956,Â¨,¨
957,ð,👓
958,ð±,👱
959,âð¼ï¸,✌🏼️
960,ã¢ã­ãã«ã¼ã,アキバカート
961,ð,🙋
962,â ï¸,⚠️
963,ð,🏞
964,â¨ð¸,✨🌸
965,ð¤ð»,🤘🏻
966,ð·â¦,📷…
967,ðµð­,🇵🇭
968,æé£ãããã§ãã¯ãã,朝食りんごでおはよう
969,ð°ð¼ð©,👰🏼🎩
970,ð,🎓
971,ð,🙅
972,ððµðð¾âð¾ï¸,🎉🎵👌🏾✌🏾️
973,â¨ð·â¨,✨🕷✨
974,ð¿,🌿
975,ðð°ð»,💍👰🏻
976,ðâ¦,💎…
977,æ­³â¦,歳…
978,Ã¢ÂÂ,â
979,å¯æ,可愛
980,æ¯å­ã®â¦,息子の…
981,ó¾­ó¾­»,󾭞󾭻
982,â,♊
983,ðð»,🖕🏻
984,ææ,指技
985,â©â©â©,✩✩✩
986,ðð»â¦,👋🏻…
987,ó¾§,󾆧
988,â,✌
989,ð ð,🐠🏝
990,ð£ð¯ðð,🗣🗯🗞🎉
991,ð¤,🎤
992,å¥å¤ªãã¼ãº,健太ポーズ
993,ð,🌍
994,â¢â¢,❢❢
995,ððððð,👒💄🌂🐎🐎
996,ã¹ã¯ã¨ã¢,スクエア
997,ð°ð½ððð¼ðªð¸,👰🏽💍💃🏼🇪🇸
998,ð©ð¾,🐩🐾
999,ó¾¥¼,󾥼
1000,â¢,•
1001,â¸,▸
1002,Â»,»
1003,ë©ëª¬,랩몬
1004,Â¤,¤
1005,ó¾®ð½,󾮞🏽
1006,ð°ð»ð,👰🏻💐
1007,ãå¹¸ãã«,お幸せに
1008,Â²,²
1009,ððð,🍗🍗🍗
1010,ðð»,💇🏻
1011,æãå«ã¹,愛を叫べ
1012,ð³,🛳
1013,ð ,🌠
1014,ðð»,💅🏻
1015,âºó¾µó¾¸,☺󾌵󾌸
1016,ðºð¸ðºð¸,🇺🇸🇺🇸
1017,ó¾®,󾮟
1018,ðð¡,🌚💡
1019,ð¯,🎯
1020,ð,🎂
1021,ãã¾ã¡ã·,うまメシ
1022,ó¾£ó¾£ó¾£ó¾£,󾌣󾌣󾌣󾌣
1023,Ãº,ú
1024,ðððððð,🎂🎂🎂🎂🎂🎂
1025,ââð¦ð¦ð¦ð¦,☁☁💦💦💦💦
1026,ÂµÂ­Â²Â´ÃÃÂ²Ã,µ­²´ÊÕ²Ø
1027,ð,🐈
1028,ó¾,󾆛
1029,ð,🍃
1030,â¥â¥â¥â¥â¥,♥♥♥♥♥
1031,â¨ð­,✨💭
1032,ððð¢ðððð,🚆🚘🚢🚉🚖🚁🚀
1033,ã¸ã£ã¤ã¢ã³ã¨åãèªçæ¥,ジャイアンと同じ誕生日
1034,ð¶ð,🐶💊
1035,ðâï¸,📚✔️
1036,âð¾,✋🏾
1037,â¼ï¸â¼ï¸â¼ï¸â¼ï¸,‼️‼️‼️‼️
1038,ã¹ãã¼,スノー
1039,ð¨ð¦ð¨ð¦ð¨ð¦,🇨🇦🇨🇦🇨🇦
1040,ð¤ð½,🤘🏽
1041,Ã©â¦,é…
1042,ð¥,🛥
1043,ð,📙
1044,ç¡éã«ã¼ã,無限ループ
1045,ó¾,󾍇
1046,â¨â¨â¨,✨✨✨
1047,ð²â¡ï¸ð²,🌲⚡️🌲
1048,ð·,📷
1049,ó¾¥¶ó¾¥¶ó¾¥¶ó¾«ó¾«ó¾«,󾥶󾥶󾥶󾌫󾌫󾌫
1050,ç°äº®,田亮
1051,ç¨è¾¼,税込
1052,ð¶ð«,🐶👫
1053,ó¾¬ó¾¬,󾌬󾌬
1054,ð¯ð«,👯💫
1055,ë¹ì¤,빅스
1056,ÙØ¨Ø§Ø±Ù,مبارك
1057,â°â°,⁰⁰
1058,à¤à¤®à¤à¤¡,घमंड
1059,â¼ï¸â¼ï¸,‼️‼️
1060,ðï¸,🎙️
1061,ï¼,！
1062,ð¨ð¨,💨💨
1063,ð«ð°ðð,👫👰💐💍
1064,ó¾µó¾µ,󾌵󾌵
1065,ã»ã«ãã£ã¼,セルフィー
1066,ð´ð,🌴🏖
1067,ð¬ð,🐬🐋
1068,ð­ð¬ð¦ð©ðªð«ð­ð¬ð¦ð©ðªð«,🍭🍬🍦🍩🍪🍫🍭🍬🍦🍩🍪🍫
1069,ðð¼ð,👌🏼🏃
1070,ð¤ð¾,🤘🏾
1071,ã,ツ
1072,æå¾¡é£¯,朝御飯
1073,ó¾°ó¾®,󾌰󾮗
1074,Ã­,í
1075,ðððððð,🎈🎈🎈🎂🎂🎂
1076,âºðï¸,☺💏️
1077,ó¾ó¾ó¾ó¾ó¾ ó¾ó¾ ,󾍛󾍛󾍛󾔗󾔠󾔗󾔠
1078,âð§,⛈🌧
1079,é»å½±â¦,電影…
1080,âª,⏪
1081,ððððð,🎇🎇🎉🎉🎊
1082,ó¾®ó¾°,󾮗󾰀
1083,Ð¿ÑÐ¸ÑÐ¾Ð´Ð°,природа
1084,ð,👀
1085,â¨,✨
1086,ó¾ó¾´ð¼,󾍇󾆴🏼
1087,â¥â¥,♥♥
1088,åææ,反抗期
1089,ãã,》》
1090,è½æ¸ã,落書き
1091,ð¸ðð,🌸🎈🎉
1092,ãã­ã¡ãã¦ã¹ç«å±±,プロメテウス火山
1093,ó¾¯ó¾¯,󾆯󾆯
1094,ï¸ð,️👉
1095,ð,🐝
1096,ð¤ð¤ð£ð£ð£,🍤🍤🍣🍣🍣
1097,ððâï¸,🎒📚✏️
1098,æ°´è°·ç´å½©,水谷紗彩
1099,ð,🆒
1100,ð,🌃
1101,ðâºï¸,🎉☺️
1102,ð«ð¬,🛫🛬
1103,ðð¼ðð¦,💁🏼💎🦄
1104,ð­,🌭
1105,ðð¾,👉🏾
1106,ð±ð±ð±ð±ð±ð±ð±ð±ð±ð±,🐱🐱🐱🐱🐱🐱🐱🐱🐱🐱
1107,ãããã,ゆりそん
1108,Å,ş
1109,ç¾å³ãã,美味しい
1110,ðð¼ðð¼,💁🏼💁🏼
1111,ð¶ð¤ð¼,🐶🤘🏼
1112,ãã£ãºãã¼ã«ã¡ã©â¦,ディズニーカメラ…
1113,âð»ï¸,✌🏻️
1114,ð¸,🎸
1115,â,❓
1116,ðð½,💁🏽
1117,ð³ð³ð³ð³ð³ð³,🌳🌳🌳🌳🌳🌳
1118,æä½ã,手作り
1119,ãã,ニノ
1120,âºï¸ð¡,☺️🏡
1121,ð ð¢ð¡,🎠🎢🎡
1122,ó¾¶ó¾¶ó¾,󾆶󾆶󾔗
1123,ë¨ì¤ì ,단오절
1124,ð¤ð¼,🤘🏼
1125,ã±ãªã,ぱない
1126,ð¦,🦄
1127,âï¸,☕️
1128,ð,🍓
1129,æ,愛
1130,ð,💏
1131,ð·ð¸ðº,🌷🌸🌺
1132,ð³,👳
1133,â¢â¦,•…
1134,ð£,📣
1135,ð«,🏫
1136,ó¾¬¥ó¾ó¾¬ó¾­,󾬥󾔚󾬏󾟭
1137,â¡â¡â¡â¡â¡â¡â¡â¡,♡♡♡♡♡♡♡♡
1138,ì°í,우현
1139,ð±,🍱
1140,ð¾ðð¹ðð,🌾🍁🌹🍀🍀
1141,â¥ï¸,♥️
1142,ð·ðð,💷🏁🐔
1143,ð¡,🎡
1144,é é,遠道
1145,ð,🎆
1146,ì¸í¼ëí¸,인피니트
1147,ðððððð,🎊🎊🎉🎉🎉🎉
1148,ððððð,🕊🍀🕊🍀🕊
1149,ððððð,🎂🎈🎈🎈🎉
1150,ââ,☕❄
1151,ðð¨,🚔🚨
1152,à¸à¸²à¸£à¸±à¸à¹à¸®à¸à¸±à¸§,ซารังเฮผัว
1153,ã©ãã©ã¤ã,ラブライブ
1154,ìì§ì­,소지섭
1155,ð¿ð¿ð¿,🌿🌿🌿
1156,ð,🍜
1157,ð ,🐠
1158,å¹¸ã,幸せ
1159,ó¾°ó¾¬,󾌰󾬓
1160,ðððððð«,🌕🌖🌗🌘🌑💫
1161,â¿Â¸,✿¸
1162,ë¤ì´ì,다이아
1163,ð,🆓
1164,â«âª,♫♪
1165,ó¾«,󾌫
1166,ó¾¬ó¾¬ó¾¬ó¾¬ó¾¬ó¾¬,󾌬󾌬󾌬󾌬󾌬󾌬
1167,ó¾¬ó¾­©,󾌬󾭩
1168,ð·,🌷
1169,æ¥æ¬ä¼è­°,日本会議
1170,âââââââââââââââââââââââââââââââââââââ,●●●●●●●●●●●●●●●●●●●●●●●●●●●●●●●●●●●●●
1171,ððð¢ðððð,🚘🚆🚢🚉🚖🚀🚁
1172,ð´,🔴
1173,ããã«ãçèªç¥­,ドナルド生誕祭
1174,ð´ðð´,🌴🍍🌴
1175,ð¬ð·,🇬🇷
1176,á¿,ῑ
1177,ð½ð¢ð®ð¢ð¢ð§,🍽🍢🍮🍢🍢🍧
1178,ðð»,💆🏻
1179,Ã¼,ü
1180,Ãª,ê
1181,ã¡ãªã¼ããã³ãº,メリーポピンズ
1182,ð¶,🐶
1183,ððº,🍃🌺
1184,ðð¼,💇🏼
1185,ð¼ð,🌼🎈
1186,ðð»,👉🏻
1187,ð,💃
1188,ð¥,🎥
1189,èªæ®ã,自撮り
1190,ððð¼,🎄🎅🏼
1191,ðð¼ðð¼ðð¼,🏃🏼🏃🏼🏃🏼
1192,â¨ð,✨🌙
1193,ó¾°ó¾°ó¾°,󾰀󾰀󾰀
1194,ããããã»ã¬ã¯ã,あかりんセレクト
1195,Ã«,ë
1196,ð,💉
1197,ó¾ó¾¬ó¾¬ó¾°ó¾,󾆕󾬘󾬙󾓰󾓗
1198,â°,⁰
1199,ð,🐓
1200,ðð»,🙋🏻
1201,ð,💄
1202,âð¼ð,✌🏼📙
1203,Ð´ÐµÐ´,дед
1204,à¹à¸à¸·à¹à¸­à¸,เพื่อน
1205,ðð,💉💊
1206,ðð±â,🍃🌱⛅
1207,âââ,✅✅✅
1208,ððð,💐💐💐
1209,Ð²Ð¾ÑÐ¾Ð½ÐµÐ¶,воронеж
1210,Ã¤,ä
1211,ð,🌚
1212,âºï¸ð,☺️📚
1213,ð©ðð¢ð§ð¶ð¶,🎩👔👢🎧🎶🎶
1214,ð,🎈
1215,âââ¢Â°â,●○•°☆
1216,ç²½å­,粽子
1217,ð,🏜
1218,ð,🐊
1219,ð,👙
1220,ð,👁
1221,ð,🛍
1222,ó¾£,󾌣
1223,ð,📞
1224,ðµ,🌵
1225,ð¸,🌸
1226,ð¦ð­ð´,💦🎭🍴
1227,ððð,👄👅💍
1228,ð©,🛩
1229,ð²ðð,🚲👒👓
1230,Ø§ÙØ¨Ø­Ø±ÙÙ,البحرين
1231,Ã,Ø
1232,ðð¼,💁🏼
1233,ð½,👽
1234,ð,🔜
1235,â¥ï¸,♥︎
1236,ÏÏ,ρω
1237,ð¸ð¼,👸🏼
1238,ð»,💻
1239,ó¾ªó¾¬â¨ó¾¬,󾌪󾬏✨󾬏
1240,ð¶ðµð·ð¸ð¼ðºð,🎶🎵🎷🎸🎼🎺💃
1241, ,
1242,æã¯ãã³,朝はパン
1243,ð¼ð¾,👼🏾
1244,ç±æå®½æä¸å®è¡,爱我宽柔一定行
1245,ð,🚁
1246,ðð¨,🏍💨
1247,ðª,🎪
1248,ð¤,𖤒
1249,ð´ð¸ð´,🌴📸🌴
1250,â«âª,⚫⚪
1251,æ¸è°·,渋谷
1252,ð,👈
1253,ð,🐕
1254,Ã,Ü
1255,ð,👜
1256,ð¯,👯
1257,ð ðð¡ð¬ð³,🐠🐟🐡🐬🐳
1258,ì¸ì¤íê·¸ë¨â¦,인스타그램…
1259,çæ¬ç,熊本熊
1260,ÅÄ,ść
1261,ãåç£,お土産
1262,ã°ãªã¼ãã£ã³ã°,グリーティング
1263,ð´ð´ð´,🌴🌴🌴
1264,ð¤°ð¼,🤰🏼
1265,âª,♪
1266,ð¸â¨ð£,🌸✨💣
1267,ð,💁
1268,ð´,🌴
1269,ã¿ã¤ã©ã³ã,タイランド
1270,ó¾®ó¾¢ó¾ ,󾮖󾆢󾠉
1271,ððð,💃💃💃
1272,ä½éåæ¥,佐野元春
1273,ã©ãããâ¦,どるえれ…
1274,ð°ð°ð°ð«ð«,👰👰👰👫👫
1275,ð,👔
1276,ðð½,🖕🏽
1277,ãã,ㅜㅜ
1278,ð°ð°ð°,🐰🐰🐰
1279,ðð¸,🍁🌸
1280,ð¥,🍥
1281,ðð,🎉🎂
1282,â,↔
1283,âðð¹,☁🍃🚹
1284,ð¸,📸
1285,â¦,…
1286,â ï¸,♠️
1287,å§å¦¹,姉妹
1288,ðð¿ðð¿ðð¿,💃🏿💃🏿💃🏿
1289,ããã§ã¨ã,おめでとう
1290,ð¹ð­,🇹🇭
1291,â¥â¥â¥,♥♥♥
1292,â¡,②
1293,ðâ,🌚☁
1294,ããã¨ã¯â¦,マツエク…
1295,ââ,⚓⚓
1296,ðððððð,🍕🍕🍕🍕🍕🍕
1297,ð,🖖
1298,ð­,🐭
1299,å¤æ¥å®½ä¸­,古来宽中
1300,ðµ,💵
1301,ðð­,🌑🔭
1302,â½,⛽
1303,ä½è²ç¥­ðð»ðð»,体育祭🏃🏻🏃🏻
1304,ãã³ã³ã¯,バンコク
1305,ããã«ã©ã³,バブルラン
1306,ð½,🗽
1307,æå,朋友
1308,â,✅
1309,ãã£ã¨ãã¦ããã,やっとしてくれた
1310,Â©Â®,©®
1311,à¤­à¥,भी
1312,ððð,👟👟👟
1313,â¬,⬅
1314,ððð,🌎🌎🌙
1315,ð¾,🐾
1316,Å,ń
1317,âï¸,☁️
1318,âºï¸ðð»ð,☺️👌🏻🎀
1319,ðâ,🎂✌
1320,ê·¸ê¸¸ìì,그길에서
1321,ð,🙍
1322,ð¶ðµð¶,🎶🎵🎶
1323,â,✋
1324,â¡â¡â¡â¡â¡â¡,♡♡♡♡♡♡
1325,ããã,ㅋㅋㅋ
1326,ð,🏇
1327,ó¾,󾁅
1328,ç¶ºéº,綺麗
1329,Ã§,ç
1330,ð¡ð¶ð±ð´ð±ð¡ð¼âï¸ð¡ðµ,🍡🍶🍱🍴🍱🍡🍼☕️🍡🍵
1331,ð§ð·,🇧🇷
1332,ðððððð,🎈🎈🎈🎈🎈🎈
1333,ð,🐇
1334,â«,♫
1335,ðâï¸,🍐☕️
1336,ã¿ã¤ãã³ã°,タイミング
1337,âï¸ð¸ð¨,✔️🔸🚨
1338,ð¬,🎬
1339,ð¦ð§ð¨,🍦🍧🍨
1340,ð¬ðºðºðð¢,🐬🌺🌺🐚🐢
1341,â,✍
1342,ó¾ó¾,󾓔󾔛
1343,Â®,®
1344,ó¾,󾍑
1345,ÑÐ±Ð¸Ð»ÐµÐ¹,юбилей
1346,â,⚜
1347,çç¬ã,爆笑。
